{"$schema":"http://schema.management.azure.com/schemas/2015-01-01/deploymentTemplate.json#","contentVersion":"1.0.0.0","parameters":{},"variables":{},"resources":[{"name":"weather_data_pipeline","type":"pipelines","apiVersion":"2018-06-01","properties":{"activities":[{"name":"FetchDataFromAPI","type":"ForEach","dependsOn":[],"typeProperties":{"items":{"value":"@variables('citites')","type":"Expression"},"isSequential":true,"activities":[{"name":"Set latitude","type":"SetVariable","dependsOn":[],"policy":{"secureOutput":false,"secureInput":false},"typeProperties":{"variableName":"latitude","value":{"value":"@string(item().latitude)","type":"Expression"}}},{"name":"Set longitude","type":"SetVariable","dependsOn":[],"policy":{"secureOutput":false,"secureInput":false},"typeProperties":{"variableName":"langitude","value":{"value":"@string(item().longitude)","type":"Expression"}}},{"name":"Bronze Notebook","type":"TridentNotebook","dependsOn":[{"activity":"Set longitude","dependencyConditions":["Succeeded"]},{"activity":"Set latitude","dependencyConditions":["Succeeded"]}],"policy":{"timeout":"0.12:00:00","retry":0,"retryIntervalInSeconds":30,"secureOutput":false,"secureInput":false},"typeProperties":{"notebookId":"74eb4f79-5552-4a56-9c11-3b11ccaea7ba","workspaceId":"653cf54a-a82e-439b-8466-a2162bcf2234","parameters":{"latitude":{"value":{"value":"@item().latitude","type":"Expression"},"type":"string"},"longitude":{"value":{"value":"@item().longitude","type":"Expression"},"type":"string"}}}},{"name":"Silver Notebook","type":"TridentNotebook","dependsOn":[{"activity":"Bronze Notebook","dependencyConditions":["Succeeded"]}],"policy":{"timeout":"0.12:00:00","retry":0,"retryIntervalInSeconds":30,"secureOutput":false,"secureInput":false},"typeProperties":{"notebookId":"71e3873a-45c5-4c44-81de-5f6bc6330970","workspaceId":"653cf54a-a82e-439b-8466-a2162bcf2234","parameters":{"latitude":{"value":{"value":"@item().latitude","type":"Expression"},"type":"string"},"longitude":{"value":{"value":"@item().longitude","type":"Expression"},"type":"string"}}}}]}},{"name":"Gold Notebook","type":"TridentNotebook","dependsOn":[{"activity":"FetchDataFromAPI","dependencyConditions":["Succeeded"]}],"policy":{"timeout":"0.12:00:00","retry":0,"retryIntervalInSeconds":30,"secureOutput":false,"secureInput":false},"typeProperties":{"notebookId":"5bbca4ac-738f-4dac-bfce-4653a0049d4b","workspaceId":"653cf54a-a82e-439b-8466-a2162bcf2234"}}],"parameters":{"cities":{"type":"array","defaultValue":[{"city":"Berlin","latitude":52.52,"longitude":13.405},{"city":"Paris","latitude":48.8566,"longitude":2.3522},{"city":"New York","latitude":40.7128,"longitude":-74.006},{"city":"Tokyo","latitude":35.6762,"longitude":139.6503},{"city":"Hanoi","latitude":21.0285,"longitude":105.8542},{"city":"Bangkok","latitude":13.7563,"longitude":100.5018},{"city":"Rome","latitude":41.9028,"longitude":12.4964},{"city":"Cairo","latitude":30.0444,"longitude":31.2357},{"city":"Seoul","latitude":37.5665,"longitude":126.978},{"city":"Los Angeles","latitude":34.0522,"longitude":-118.2437},{"city":"Sydney","latitude":-33.8688,"longitude":151.2093},{"city":"Cape Town","latitude":-33.9249,"longitude":18.4241},{"city":"Rio de Janeiro","latitude":-22.9068,"longitude":-43.1729},{"city":"Mumbai","latitude":19.076,"longitude":72.8777},{"city":"Lagos","latitude":6.5244,"longitude":3.3792}]}},"variables":{"citites":{"type":"Array","defaultValue":[{"city":"Berlin","latitude":52.52,"longitude":13.405},{"city":"Paris","latitude":48.8566,"longitude":2.3522},{"city":"New York","latitude":40.7128,"longitude":-74.006},{"city":"Tokyo","latitude":35.6762,"longitude":139.6503},{"city":"Hanoi","latitude":21.0285,"longitude":105.8542},{"city":"Bangkok","latitude":13.7563,"longitude":100.5018},{"city":"Rome","latitude":41.9028,"longitude":12.4964},{"city":"Cairo","latitude":30.0444,"longitude":31.2357},{"city":"Seoul","latitude":37.5665,"longitude":126.978},{"city":"Los Angeles","latitude":34.0522,"longitude":-118.2437},{"city":"Sydney","latitude":-33.8688,"longitude":151.2093},{"city":"Cape Town","latitude":-33.9249,"longitude":18.4241},{"city":"Rio de Janeiro","latitude":-22.9068,"longitude":-43.1729},{"city":"Mumbai","latitude":19.076,"longitude":72.8777},{"city":"Lagos","latitude":6.5244,"longitude":3.3792}]},"langitude":{"type":"String"},"latitude":{"type":"String"}},"lastModifiedByObjectId":"2bd84694-ceb1-47b3-b71f-76e674a0e630","lastPublishTime":"2025-04-04T23:42:11Z"},"dependsOn":[]}]}